experiment_id,task,dataset,seed,split_summary,window_size,horizon,model_summary,features_summary,scaler,optimizer,lr,epochs_trained,best_val_mae,best_val_rmse,best_val_mape,test_mae,test_rmse,test_mape,notes
B1,forecasting,S12-hw-dataset.csv,42,"Train:2583,Val:861,Test:862",-,1,Naive Last (y[t-1]),None,,,0.0,0,6.4158072009291525,8.089288288682855,4.546075559436306,6.37136890951276,8.099093028767548,4.201128027810868,Baseline 1
B2,forecasting,S12-hw-dataset.csv,42,"Train:2583,Val:861,Test:862",-,1,Moving Average (window=7),None,,,0.0,0,12.67895636303302,15.131408300959711,9.201860230379731,12.790308253231688,15.293451573633954,8.631910350323029,Baseline 2
B3,forecasting,S12-hw-dataset.csv,42,"Train:2583,Val:861,Test:862",-,1,Ridge Regression,"Lag, Rolling, Calendar",StandardScaler,,0.0,0,6.09608071293133,7.639038899300981,4.259035955260685,6.067300093885545,7.748348105806456,3.9335229879997087,Baseline 3
R1,forecasting,S12-hw-dataset.csv,42,"Train:2583,Val:861,Test:862",14,1,GRU (hidden=32),"Lag, Rolling, Calendar (scaled)",StandardScaler,Adam,0.001,50,6.902388188205616,8.802605125016006,4.665928465417089,9.992353273067835,11.571989101767166,6.315772396499875,Deep Learning
